Designator,Mid X,Mid Y,Rotation,Layer
C1,194.66,-54.44,90,Top
C2,182.35,-65.04,-90,Top
C3,184.76,-52.41,0,Top
C4,193.96,-65.8,0,Top
C5,182.13,-52.39,180,Top
C6,191.84,-67.32,0,Top
C7,191.85,-68.42,0,Top
C8,189.82,-67.28,180,Top
C9,189.81,-68.38,180,Top
C10,156.745,-54.275,0,Top
C11,176.995,-56.385,180,Top
C12,177.025,-61.265,0,Top
C13,220.875,-47.4,180,Top
C14,177.525,-71.725,135,Top
C15,176.75,-70,45,Top
C16,179.123008,-69.951992,45,Top
C17,162.370589,-71.329411,45,Top
C18,172.38,-83.34,135,Top
C19,207.235589,-80.360589,135,Top
C20,208.045191,-83.389556,-45,Top
C21,206.111594,-85.105959,-45,Top
C22,206.936594,-84.305959,-45,Top
C23,198.775,-84.075,-45,Top
C24,205,-90.125,-45,Top
C25,199.901992,-82.951992,-45,Top
C26,206.226992,-88.926992,-45,Top
C27,205.24,-77.28,-135,Top
C28,200.75,-71.65,135,Top
C29,189.945,-73.23,-90,Top
C30,182.905,-31.825,180,Top
C31,180.6125,-37.725,-90,Top
C33,196.01,-80.19,90,Top
C34,197.09,-80.18,90,Top
C35,196.43,-81.79,0,Top
C36,193.35,-31.86,0,Top
C37,182.95,-80.624999,-90,Top
C38,161.05,-61.075,90,Top
C39,206.329411,-38.259411,-45,Top
C40,167.075,-42.025,45,Top
C41,183.205,-87.8,0,Top
C42,175.525,-33.25,-135,Top
D1,172.46,-50.96,0,Top
D4,211.931847,-76.718153,-135,Top
D5,213.3,-78.125,-135,Top
D6,155.85,-68.325,-90,Top
D7,201.6375,-52.75,180,Top
J1,198.77,-44.74,0,Top
J2,160.076738,-76.24755,-45,Top
J3,183.725,-28.05,180,Top
J4,172.084264,-88.265736,-45,Top
J5,156.775,-62.475,-90,Top
J6,195.395,-28.095,180,Top
J7,210.975736,-37.399264,135,Top
J8,184.495,-91.58,0,Top
J9,194.995,-91.59,0,Top
J10,218.27,-59.94,90,Top
J11,173.324265,-30.099265,-135,Top
J12,166.099264,-37.374264,-135,Top
L1,202.096734,-87.520819,-135,Top
Q1,199.984637,-76.27753,135,Top
Q2,206.9625,-63.85,0,Top
Q3,202.425,-63.9875,0,Top
R1,170.09,-50.95,0,Top
R2,167.745235,-78.454765,-135,Top
R3,169.85,-80.55,-135,Top
R4,183.925,-34.025,-90,Top
R5,191.78,-78.51,180,Top
R6,190.71,-80.9,0,Top
R7,193.29,-85.33,180,Top
R8,214.503752,-74.796248,45,Top
R9,215.264376,-75.585624,45,Top
R10,210.3975,-55.835,90,Top
R11,210.3575,-61.385,-90,Top
R12,196.65,-58.85,180,Top
R13,196.66,-60.025,180,Top
R14,196.51,-63.6,180,Top
R15,200.360624,-78.795335,135,Top
R16,157.7,-68.2425,-90,Top
R17,201.505,-54.71,180,Top
R18,208.089376,-77.339376,135,Top
R19,199.360624,-79.360624,135,Top
R20,198.289376,-75.210624,45,Top
R21,199.860624,-73.615,-135,Top
R22,203.125,-76.95,-45,Top
R23,201.8,-61.21,90,Top
R24,203.125,-61.21,90,Top
R25,184.475,-67.635,90,Top
SW1,221.35,-50.825,-90,Top
SW2,155.445,-50.775,90,Top
SW3,193.625,-73.5,180,Top
TP2,213.575,-53.55,0,Top
TP3,200.275,-92.2,0,Top
TP4,202.725,-69.55,0,Top
U1,188.52,-59.79,-90,Top
U2,173.665129,-74.634871,-45,Top
U3,204.295666,-74.270666,45,Top
U4,207.8875,-58.725,90,Top
U5,203.522183,-81.722183,-135,Top
U6,183.15,-37.725,0,Top
U8,193.77,-80.99,-90,Top
Y1,176.575,-58.825,180,Top
