"Designator","Comment","Footprint","JLCPCB Part #"
"C1,C2,C3,C4,C8,C10,C13,C17,C18,C29,C31,C36,C39,C40,C41,C42","100n","Capacitor_SMD:C_0402_1005Metric","C1525"
"C5","4u7","Capacitor_SMD:C_0402_1005Metric","C23733"
"C6","10n","Capacitor_SMD:C_0402_1005Metric","C15195"
"C7,C9,C19,C30,C35","1u","Capacitor_SMD:C_0402_1005Metric","C52923"
"C11,C12","10p","Capacitor_SMD:C_0402_1005Metric","C32949"
"C14","10n","Capacitor_SMD:C_0402_1005Metric","C1524"
"C15","2u2","Capacitor_SMD:C_0402_1005Metric","C12530"
"C16","10u","Capacitor_SMD:C_0603_1608Metric","C76614"
"C20,C23,C24,C25,C26,C38","10u","Capacitor_SMD:C_0603_1608Metric","C70225"
"C21","47n","Capacitor_SMD:C_0402_1005Metric","C82219"
"C22","4u7","Capacitor_SMD:C_0402_1005Metric","C318563"
"C27,C28","1u","Capacitor_SMD:C_0402_1005Metric","C29266"
"C33","2u2","Capacitor_SMD:C_0402_1005Metric","C72203"
"C34","470n","Capacitor_SMD:C_0402_1005Metric","C162162"
"C37","470u","Capacitor_SMD:CP_Elec_10x10.5","C96180"
"D1","USER_LED","LED_SMD:LED_0402_1005Metric","C7496805"
"D4","GREEN","LED_SMD:LED_0603_1608Metric","C99289"
"D5","ORANGE","LED_SMD:LED_0603_1608Metric","C84269"
"D6","RED_5V","LED_SMD:LED_0603_1608Metric","C2286"
"D7","RED_3V","LED_SMD:LED_0603_1608Metric","C2286"
"J1","ST_LINK","Connector_PinHeader_1.27mm:PinHeader_2x07_P1.27mm_Vertical_SMD","C3975190"
"J2,J4","Conn_01x06","Connector_JST:JST_GH_SM06B-GHS-TB_1x06-1MP_P1.25mm_Horizontal","C225129"
"J3","NEOPIXELS","Connector_JST:JST_GH_SM03B-GHS-TB_1x03-1MP_P1.25mm_Horizontal","C514175"
"J5","SERVO","Connector_JST:JST_GH_SM03B-GHS-TB_1x03-1MP_P1.25mm_Horizontal","C514175"
"J6","ADA3595","Connector_JST:JST_GH_SM05B-GHS-TB_1x05-1MP_P1.25mm_Horizontal","C225128"
"J7,J12","VL53L0CXV0DH1","Connector_JST:JST_GH_SM06B-GHS-TB_1x06-1MP_P1.25mm_Horizontal","C225129"
"J8","HC-05","Connector_JST:JST_GH_SM06B-GHS-TB_1x06-1MP_P1.25mm_Horizontal","C225129"
"J9","Battery","Connector_JST:JST_GH_SM02B-GHS-TB_1x02-1MP_P1.25mm_Horizontal","C54769875"
"J10","USB_C_Receptacle_USB2.0_14P","Connector_USB:USB_C_Receptacle_GCT_USB4105-xx-A_16P_TopMnt_Horizontal","C2765186"
"J11","Conn_01x03","Connector_JST:JST_GH_SM03B-GHS-TB_1x03-1MP_P1.25mm_Horizontal","C514175"
"L1","1u","Inductor_SMD:L_1008_2520Metric","C167447"
"Q1","DMN313DLT-7","Package_TO_SOT_SMD:SOT-523","C155524"
"Q2","DMP1045U-7","Package_TO_SOT_SMD:SOT-23","C177033"
"Q3","MMDT2907A-7-F","Package_TO_SOT_SMD:SOT-363_SC-70-6","C460232"
"R1,R16,R17","1k","Resistor_SMD:R_0402_1005Metric","C11702"
"R2,R3","200m","Resistor_SMD:R_0805_2012Metric","C171371"
"R4","300","Resistor_SMD:R_0603_1608Metric","C23025"
"R5,R6,R18,R19,R20,R22,R25","10k","Resistor_SMD:R_0402_1005Metric","C25744"
"R7","10m","Resistor_SMD:R_2512_6332Metric","C105142"
"R8,R9","2k2","Resistor_SMD:R_0402_1005Metric","C25879"
"R10,R11","5.1k","Resistor_SMD:R_0402_1005Metric","C25905"
"R12,R13","1k5","Resistor_SMD:R_0402_1005Metric","C25867"
"R14","4k7","Resistor_SMD:R_0402_1005Metric","C25900"
"R15","470","Resistor_SMD:R_0402_1005Metric","C25117"
"R21","100","Resistor_SMD:R_0402_1005Metric","C25138"
"R23,R24","100k","Resistor_SMD:R_0402_1005Metric","C25741"
"SW1","USER_BTN","Button_Switch_SMD:SW_Push_1P1T_NO_CK_KMR2","C72443"
"SW2","NRST","Button_Switch_SMD:SW_Push_1P1T_NO_CK_KMR2","C72443"
"SW3","nQON","Button_Switch_SMD:SW_Push_1P1T_NO_CK_KMR2","C72443"
"U1","STM32G431RBTx","Package_QFP:LQFP-64_10x10mm_P0.5mm","C431633"
"U2","DRV8833PWPR","Package_SO:HTSSOP-16-1EP_4.4x5mm_P0.65mm_EP3.4x5mm_Mask2.46x2.31mm","C50506"
"U3","BU33SD5WG-TR","Package_TO_SOT_SMD:SOT-23-5","C3750265"
"U4","USBLC6-2SC6","Package_TO_SOT_SMD:SOT-23-6","C7519"
"U5","BQ25896RTW","Package_DFN_QFN:Texas_RTW_WQFN-24-1EP_4x4mm_P0.5mm_EP2.7x2.7mm","C181475"
"U6","SN74AHCT1G125DBVR","Package_TO_SOT_SMD:SOT-23-5","C20617903"
"U8","BQ27220YZFR","Package_BGA:Texas_DSBGA-9_1.62x1.58mm_Layout3x3_P0.5mm","C528617"
"Y1","16MHz","Crystal:Crystal_SMD_EuroQuartz_MT-4Pin_3.2x2.5mm","C13738"
